Top pages,Clicks,Impressions,CTR,Position
https://rankursite.com/,3,38,7.89%,34.61
https://www.rankursite.com/,1,42,2.38%,6.71
https://rankursite.com/about,1,25,4%,3.04
https://rankursite.com/case-studies,1,20,5%,7.65
https://rankursite.com/toronto-canada,0,28,0%,79.18
https://www.rankursite.com/about,0,25,0%,3.2
https://rankursite.com/blog,0,19,0%,7.05
https://rankursite.com/contact,0,18,0%,5
https://rankursite.com/dallas-us,0,15,0%,74.8
https://rankursite.com/certifications,0,13,0%,4.46
https://rankursite.com/brussels,0,9,0%,76.44
https://rankursite.com/hamburg,0,9,0%,82.44
https://rankursite.com/calgary-canada/free-audit,0,6,0%,82.67
https://rankursite.com/belfast-uk/services,0,6,0%,85.5
https://rankursite.com/philosophy,0,5,0%,3.2
https://rankursite.com/process,0,5,0%,4.6
https://rankursite.com/edinburgh-uk/free-audit,0,5,0%,127.2
https://rankursite.com/saas-websites,0,4,0%,8.75
https://rankursite.com/dammam-saudi-arabia/philosophy,0,4,0%,81
https://rankursite.com/bristol-uk/philosophy,0,4,0%,82.75
https://rankursite.com/blog/hire-saas-seo-expert,0,3,0%,9.67
https://rankursite.com/lagos,0,3,0%,62.67
https://rankursite.com/dammam-saudi-arabia,0,3,0%,75.67
https://rankursite.com/belfast-uk/free-audit,0,3,0%,81.33
https://rankursite.com/baton-rouge-us/services,0,3,0%,87
https://rankursite.com/fort-worth-us/about,0,3,0%,101
https://rankursite.com/home,0,2,0%,7.5
https://rankursite.com/amsterdam/process,0,2,0%,69
https://rankursite.com/bangalore,0,2,0%,75
https://rankursite.com/bangalore/free-audit,0,2,0%,86
https://rankursite.com/manchester-uk,0,2,0%,101.5
https://rankursite.com/durham-us,0,1,0%,2
https://rankursite.com/hobart,0,1,0%,3
https://rankursite.com/christchurch,0,1,0%,4
https://rankursite.com/baghdad,0,1,0%,5
https://rankursite.com/usa,0,1,0%,5
https://rankursite.com/hanoi,0,1,0%,6
https://rankursite.com/amsterdam/blog,0,1,0%,7
https://rankursite.com/canberra,0,1,0%,7
https://rankursite.com/delhi,0,1,0%,8
https://rankursite.com/lisbon,0,1,0%,8
https://rankursite.com/busan,0,1,0%,9
https://rankursite.com/kaohsiung,0,1,0%,10
https://rankursite.com/blog/saas-website-development-agency-us,0,1,0%,11
https://rankursite.com/blog/custom-react-website-saas-startup,0,1,0%,12
https://rankursite.com/brussels/services,0,1,0%,45
https://rankursite.com/aurora-us,0,1,0%,72
https://rankursite.com/las-vegas-us/free-audit,0,1,0%,77
https://rankursite.com/istanbul/blog,0,1,0%,79
https://rankursite.com/kolkata/free-audit,0,1,0%,82
https://rankursite.com/cape-town/free-audit,0,1,0%,83
https://rankursite.com/brussels/blog,0,1,0%,84
https://rankursite.com/melbourne-australia/services,0,1,0%,85
https://rankursite.com/frankfurt/free-audit,0,1,0%,86
https://rankursite.com/bangkok/process,0,1,0%,91
https://rankursite.com/cologne/process,0,1,0%,92
https://rankursite.com/durham-us/free-audit,0,1,0%,92
https://rankursite.com/atlanta,0,1,0%,93
https://rankursite.com/istanbul/process,0,1,0%,93
https://rankursite.com/manila/process,0,1,0%,94
https://rankursite.com/brussels/philosophy,0,1,0%,95
https://rankursite.com/christchurch/process,0,1,0%,95
https://rankursite.com/denver/process,0,1,0%,96
https://rankursite.com/beijing/about,0,1,0%,97
https://rankursite.com/kaohsiung/process,0,1,0%,98
https://rankursite.com/lucknow/philosophy,0,1,0%,99
https://rankursite.com/kolkata/about,0,1,0%,100
https://rankursite.com/daegu/process,0,1,0%,101
https://rankursite.com/beijing/philosophy,0,1,0%,102
https://rankursite.com/austin-us,0,1,0%,103
https://rankursite.com/marseille/process,0,1,0%,104
https://rankursite.com/denver-us,0,1,0%,105
https://rankursite.com/cairo/philosophy,0,1,0%,106
https://rankursite.com/usa/philosophy,0,1,0%,107
https://rankursite.com/milan/process,0,1,0%,108
https://rankursite.com/usa/process,0,1,0%,109
https://rankursite.com/baghdad/philosophy,0,1,0%,110
https://rankursite.com/johannesburg/about,0,1,0%,111
https://rankursite.com/kyoto/about,0,1,0%,112
https://rankursite.com/delhi/about,0,1,0%,113
https://rankursite.com/chengdu/philosophy,0,1,0%,114
https://rankursite.com/columbus-us,0,1,0%,115
https://rankursite.com/ottawa-canada,0,1,0%,116
https://rankursite.com/columbus/philosophy,0,1,0%,117
https://rankursite.com/lagos/process,0,1,0%,118
https://rankursite.com/bhopal/process,0,1,0%,120
https://rankursite.com/lisbon/philosophy,0,1,0%,121
https://rankursite.com/guangzhou/process,0,1,0%,122
https://rankursite.com/kuala-lumpur,0,1,0%,123
https://rankursite.com/denver/philosophy,0,1,0%,124
https://rankursite.com/dallas/process,0,1,0%,125
https://rankursite.com/jaipur/philosophy,0,1,0%,126
https://rankursite.com/marseille/philosophy,0,1,0%,127
https://rankursite.com/durban/process,0,1,0%,128
https://rankursite.com/canberra/process,0,1,0%,129
https://rankursite.com/auckland/process,0,1,0%,130
https://rankursite.com/austin/case-studies,0,1,0%,161
https://rankursite.com/glendale-us/services,0,1,0%,162
https://rankursite.com/irvine-us/blog,0,1,0%,163
https://rankursite.com/copenhagen/case-studies,0,1,0%,164
https://rankursite.com/hanoi/case-studies,0,1,0%,165
https://rankursite.com/memphis-us/blog,0,1,0%,166
https://rankursite.com/adelaide-australia/blog,0,1,0%,167
https://rankursite.com/durham-us/services,0,1,0%,168
https://rankursite.com/chandler-us/services,0,1,0%,169
https://rankursite.com/lima/case-studies,0,1,0%,170
https://rankursite.com/glasgow-uk/process,0,1,0%,201
https://rankursite.com/jakarta/free-audit,0,1,0%,202
https://rankursite.com/laredo-us/process,0,1,0%,203
https://rankursite.com/glendale-us/about,0,1,0%,204
https://rankursite.com/brisbane-australia/blog,0,1,0%,205
https://rankursite.com/glasgow-uk/blog,0,1,0%,206
https://rankursite.com/istanbul/free-audit,0,1,0%,207
https://rankursite.com/berlin/free-audit,0,1,0%,208
https://rankursite.com/denver/free-audit,0,1,0%,209
https://rankursite.com/manchester-uk/process,0,1,0%,210
https://rankursite.com/brussels/free-audit,0,1,0%,241
https://rankursite.com/cincinnati-us/process,0,1,0%,242
https://rankursite.com/edinburgh-uk/certifications,0,1,0%,243
https://rankursite.com/henderson-us/process,0,1,0%,244
https://rankursite.com/lahore/free-audit,0,1,0%,245
https://rankursite.com/gilbert-us/process,0,1,0%,246
https://rankursite.com/buenos-aires/certifications,0,1,0%,247
https://rankursite.com/garland-us/process,0,1,0%,248
https://rankursite.com/copenhagen/free-audit,0,1,0%,249
https://rankursite.com/durham-us/certifications,0,1,0%,250
https://rankursite.com/jersey-city-us/blog,0,1,0%,281
https://rankursite.com/cape-town/case-studies,0,1,0%,282
https://rankursite.com/colorado-springs-us/services,0,1,0%,283
https://rankursite.com/gilbert-us/case-studies,0,1,0%,285
https://rankursite.com/fort-worth-us/services,0,1,0%,286
https://rankursite.com/madison-us/case-studies,0,1,0%,287
https://rankursite.com/des-moines-us/philosophy,0,1,0%,288
https://rankursite.com/baton-rouge-us/about,0,1,0%,289
https://rankursite.com/jeddah-saudi-arabia/philosophy,0,1,0%,290
https://rankursite.com/hong-kong/free-audit,0,1,0%,291
https://rankursite.com/fort-wayne-us/philosophy,0,1,0%,292
https://rankursite.com/montreal-canada/free-audit,0,1,0%,293
https://rankursite.com/des-moines-us/about,0,1,0%,294
https://rankursite.com/minneapolis-us/free-audit,0,1,0%,295
https://rankursite.com/memphis-us/free-audit,0,1,0%,296