Top queries,Clicks,Impressions,CTR,Position
b2b website design dallas,0,14,0%,74.71
b2b web design toronto,0,11,0%,79.55
rankur,0,7,0%,54.71
b2b website design toronto,0,5,0%,72.4
b2b portal development in dammam,0,5,0%,77.8
website audit whitby,0,5,0%,83.4
b2b seo belgië,0,5,0%,85.6
rank your site,0,4,0%,82.5
b2b seo belgium,0,3,0%,63
baton rouge web hosting,0,3,0%,87
moksh fort worth,0,2,0%,9.5
website performance consultant,0,2,0%,69
website audit northern ireland,0,2,0%,76
web hosting belfast,0,2,0%,76.5
b2b werbeagentur hamburg,0,2,0%,79
b2b web development bristol,0,2,0%,80.5
custom b2b portal development dammam,0,2,0%,81
rank your website,0,2,0%,84
b2b web design bristol,0,2,0%,85
b2b marketing agentur hamburg,0,2,0%,86
website seo audit bangalore,0,2,0%,86
seo audit service edinburgh,0,2,0%,86.5
b2b agentur hamburg,0,2,0%,89
website hosting belfast,0,2,0%,92
launch a website that ranks in lagos,0,2,0%,93
who runs it,0,1,0%,1
rankingbite,0,1,0%,55
b2b seo company bangalore,0,1,0%,73
b2b marketing hamburg,0,1,0%,77
b2b website design company in bangalore,0,1,0%,77
website audit las vegas,0,1,0%,77
lowercase b2b,0,1,0%,79
website audit calgary,0,1,0%,79
seo audit cape town,0,1,0%,83
b2b website design manchester,0,1,0%,84
b2b website development,0,1,0%,85
seo audit frankfurt,0,1,0%,86
seo website audit services edinburgh,0,1,0%,86
b2b site ranking,0,1,0%,90
webdesign hamburg b2b,0,1,0%,91
b2b website development canada,0,1,0%,92
free website audit belfast,0,1,0%,92